module,gene_symbol,module_class
HALLMARK_INFLAMMATORY_RESPONSE,Abca1,inflammatory
HALLMARK_INFLAMMATORY_RESPONSE,Abi1,inflammatory
HALLMARK_INFLAMMATORY_RESPONSE,Acvr1b,inflammatory
HALLMARK_INFLAMMATORY_RESPONSE,Acvr2a,inflammatory
HALLMARK_INFLAMMATORY_RESPONSE,Adgre1,inflammatory
HALLMARK_INFLAMMATORY_RESPONSE,Adm,inflammatory
HALLMARK_INFLAMMATORY_RESPONSE,Adora2b,inflammatory
HALLMARK_INFLAMMATORY_RESPONSE,Adrm1,inflammatory
HALLMARK_INFLAMMATORY_RESPONSE,Ahr,inflammatory
HALLMARK_INFLAMMATORY_RESPONSE,Aplnr,inflammatory
HALLMARK_INFLAMMATORY_RESPONSE,Aqp9,inflammatory
HALLMARK_INFLAMMATORY_RESPONSE,Atp2a2,inflammatory
HALLMARK_INFLAMMATORY_RESPONSE,Atp2b1,inflammatory
HALLMARK_INFLAMMATORY_RESPONSE,Atp2c1,inflammatory
HALLMARK_INFLAMMATORY_RESPONSE,Axl,inflammatory
HALLMARK_INFLAMMATORY_RESPONSE,Bdkrb1,inflammatory
HALLMARK_INFLAMMATORY_RESPONSE,Best1,inflammatory
HALLMARK_INFLAMMATORY_RESPONSE,Bst2,inflammatory
HALLMARK_INFLAMMATORY_RESPONSE,Btg2,inflammatory
HALLMARK_INFLAMMATORY_RESPONSE,C3ar1,inflammatory
HALLMARK_INFLAMMATORY_RESPONSE,C5ar1,inflammatory
HALLMARK_INFLAMMATORY_RESPONSE,Calcrl,inflammatory
HALLMARK_INFLAMMATORY_RESPONSE,Ccl17,inflammatory
HALLMARK_INFLAMMATORY_RESPONSE,Ccl2,inflammatory
HALLMARK_INFLAMMATORY_RESPONSE,Ccl20,inflammatory
HALLMARK_INFLAMMATORY_RESPONSE,Ccl22,inflammatory
HALLMARK_INFLAMMATORY_RESPONSE,Ccl24,inflammatory
HALLMARK_INFLAMMATORY_RESPONSE,Ccl5,inflammatory
HALLMARK_INFLAMMATORY_RESPONSE,Ccl7,inflammatory
HALLMARK_INFLAMMATORY_RESPONSE,Ccr7,inflammatory
HALLMARK_INFLAMMATORY_RESPONSE,Ccrl2,inflammatory
HALLMARK_INFLAMMATORY_RESPONSE,Cd14,inflammatory
HALLMARK_INFLAMMATORY_RESPONSE,Cd40,inflammatory
HALLMARK_INFLAMMATORY_RESPONSE,Cd48,inflammatory
HALLMARK_INFLAMMATORY_RESPONSE,Cd55,inflammatory
HALLMARK_INFLAMMATORY_RESPONSE,Cd55b,inflammatory
HALLMARK_INFLAMMATORY_RESPONSE,Cd69,inflammatory
HALLMARK_INFLAMMATORY_RESPONSE,Cd70,inflammatory
HALLMARK_INFLAMMATORY_RESPONSE,Cd82,inflammatory
HALLMARK_INFLAMMATORY_RESPONSE,Cdkn1a,inflammatory
HALLMARK_INFLAMMATORY_RESPONSE,Chst2,inflammatory
HALLMARK_INFLAMMATORY_RESPONSE,Clec5a,inflammatory
HALLMARK_INFLAMMATORY_RESPONSE,Cmklr1,inflammatory
HALLMARK_INFLAMMATORY_RESPONSE,Csf1,inflammatory
HALLMARK_INFLAMMATORY_RESPONSE,Csf3,inflammatory
HALLMARK_INFLAMMATORY_RESPONSE,Csf3r,inflammatory
HALLMARK_INFLAMMATORY_RESPONSE,Cx3cl1,inflammatory
HALLMARK_INFLAMMATORY_RESPONSE,Cxcl10,inflammatory
HALLMARK_INFLAMMATORY_RESPONSE,Cxcl11,inflammatory
HALLMARK_INFLAMMATORY_RESPONSE,Cxcl5,inflammatory
HALLMARK_INFLAMMATORY_RESPONSE,Cxcl9,inflammatory
HALLMARK_INFLAMMATORY_RESPONSE,Cxcr6,inflammatory
HALLMARK_INFLAMMATORY_RESPONSE,Cybb,inflammatory
HALLMARK_INFLAMMATORY_RESPONSE,Dcbld2,inflammatory
HALLMARK_INFLAMMATORY_RESPONSE,Ebi3,inflammatory
HALLMARK_INFLAMMATORY_RESPONSE,Edn1,inflammatory
HALLMARK_INFLAMMATORY_RESPONSE,Eif2ak2,inflammatory
HALLMARK_INFLAMMATORY_RESPONSE,Emp3,inflammatory
HALLMARK_INFLAMMATORY_RESPONSE,Ereg,inflammatory
HALLMARK_INFLAMMATORY_RESPONSE,F3,inflammatory
HALLMARK_INFLAMMATORY_RESPONSE,Ffar2,inflammatory
HALLMARK_INFLAMMATORY_RESPONSE,Fpr1,inflammatory
HALLMARK_INFLAMMATORY_RESPONSE,Fzd5,inflammatory
HALLMARK_INFLAMMATORY_RESPONSE,Gabbr1,inflammatory
HALLMARK_INFLAMMATORY_RESPONSE,Gch1,inflammatory
HALLMARK_INFLAMMATORY_RESPONSE,Gna15,inflammatory
HALLMARK_INFLAMMATORY_RESPONSE,Gnai3,inflammatory
HALLMARK_INFLAMMATORY_RESPONSE,Gp1ba,inflammatory
HALLMARK_INFLAMMATORY_RESPONSE,Gpc3,inflammatory
HALLMARK_INFLAMMATORY_RESPONSE,Gpr132,inflammatory
HALLMARK_INFLAMMATORY_RESPONSE,Gpr183,inflammatory
HALLMARK_INFLAMMATORY_RESPONSE,Has2,inflammatory
HALLMARK_INFLAMMATORY_RESPONSE,Hbegf,inflammatory
HALLMARK_INFLAMMATORY_RESPONSE,Hif1a,inflammatory
HALLMARK_INFLAMMATORY_RESPONSE,Hpn,inflammatory
HALLMARK_INFLAMMATORY_RESPONSE,Hrh1,inflammatory
HALLMARK_INFLAMMATORY_RESPONSE,Icam1,inflammatory
HALLMARK_INFLAMMATORY_RESPONSE,Icam4,inflammatory
HALLMARK_INFLAMMATORY_RESPONSE,Icosl,inflammatory
HALLMARK_INFLAMMATORY_RESPONSE,Ifitm1,inflammatory
HALLMARK_INFLAMMATORY_RESPONSE,Ifnar1,inflammatory
HALLMARK_INFLAMMATORY_RESPONSE,Ifngr2,inflammatory
HALLMARK_INFLAMMATORY_RESPONSE,Il10,inflammatory
HALLMARK_INFLAMMATORY_RESPONSE,Il10ra,inflammatory
HALLMARK_INFLAMMATORY_RESPONSE,Il12b,inflammatory
HALLMARK_INFLAMMATORY_RESPONSE,Il15,inflammatory
HALLMARK_INFLAMMATORY_RESPONSE,Il15ra,inflammatory
HALLMARK_INFLAMMATORY_RESPONSE,Il18,inflammatory
HALLMARK_INFLAMMATORY_RESPONSE,Il18r1,inflammatory
HALLMARK_INFLAMMATORY_RESPONSE,Il18rap,inflammatory
HALLMARK_INFLAMMATORY_RESPONSE,Il1a,inflammatory
HALLMARK_INFLAMMATORY_RESPONSE,Il1b,inflammatory
HALLMARK_INFLAMMATORY_RESPONSE,Il1r1,inflammatory
HALLMARK_INFLAMMATORY_RESPONSE,Il2rb,inflammatory
HALLMARK_INFLAMMATORY_RESPONSE,Il4ra,inflammatory
HALLMARK_INFLAMMATORY_RESPONSE,Il6,inflammatory
HALLMARK_INFLAMMATORY_RESPONSE,Il7r,inflammatory
HALLMARK_INFLAMMATORY_RESPONSE,Inhba,inflammatory
HALLMARK_INFLAMMATORY_RESPONSE,Irak2,inflammatory
HALLMARK_INFLAMMATORY_RESPONSE,Irf1,inflammatory
HALLMARK_INFLAMMATORY_RESPONSE,Irf7,inflammatory
HALLMARK_INFLAMMATORY_RESPONSE,Itga5,inflammatory
HALLMARK_INFLAMMATORY_RESPONSE,Itgb3,inflammatory
HALLMARK_INFLAMMATORY_RESPONSE,Itgb8,inflammatory
HALLMARK_INFLAMMATORY_RESPONSE,Kcna3,inflammatory
HALLMARK_INFLAMMATORY_RESPONSE,Kcnj2,inflammatory
HALLMARK_INFLAMMATORY_RESPONSE,Kcnmb2,inflammatory
HALLMARK_INFLAMMATORY_RESPONSE,Kif1b,inflammatory
HALLMARK_INFLAMMATORY_RESPONSE,Klf6,inflammatory
HALLMARK_INFLAMMATORY_RESPONSE,Lamp3,inflammatory
HALLMARK_INFLAMMATORY_RESPONSE,Lck,inflammatory
HALLMARK_INFLAMMATORY_RESPONSE,Lcp2,inflammatory
HALLMARK_INFLAMMATORY_RESPONSE,Ldlr,inflammatory
HALLMARK_INFLAMMATORY_RESPONSE,Lif,inflammatory
HALLMARK_INFLAMMATORY_RESPONSE,Lpar1,inflammatory
HALLMARK_INFLAMMATORY_RESPONSE,Lta,inflammatory
HALLMARK_INFLAMMATORY_RESPONSE,Ly6e,inflammatory
HALLMARK_INFLAMMATORY_RESPONSE,Lyn,inflammatory
HALLMARK_INFLAMMATORY_RESPONSE,Marco,inflammatory
HALLMARK_INFLAMMATORY_RESPONSE,Mefv,inflammatory
HALLMARK_INFLAMMATORY_RESPONSE,Mep1a,inflammatory
HALLMARK_INFLAMMATORY_RESPONSE,Met,inflammatory
HALLMARK_INFLAMMATORY_RESPONSE,Mmp14,inflammatory
HALLMARK_INFLAMMATORY_RESPONSE,Msr1,inflammatory
HALLMARK_INFLAMMATORY_RESPONSE,Mxd1,inflammatory
HALLMARK_INFLAMMATORY_RESPONSE,Myc,inflammatory
HALLMARK_INFLAMMATORY_RESPONSE,Nampt,inflammatory
HALLMARK_INFLAMMATORY_RESPONSE,Ndp,inflammatory
HALLMARK_INFLAMMATORY_RESPONSE,Nfkb1,inflammatory
HALLMARK_INFLAMMATORY_RESPONSE,Nfkbia,inflammatory
HALLMARK_INFLAMMATORY_RESPONSE,Nlrp3,inflammatory
HALLMARK_INFLAMMATORY_RESPONSE,Nmi,inflammatory
HALLMARK_INFLAMMATORY_RESPONSE,Nmur1,inflammatory
HALLMARK_INFLAMMATORY_RESPONSE,Nod2,inflammatory
HALLMARK_INFLAMMATORY_RESPONSE,Npffr2,inflammatory
HALLMARK_INFLAMMATORY_RESPONSE,Olr1,inflammatory
HALLMARK_INFLAMMATORY_RESPONSE,Oprk1,inflammatory
HALLMARK_INFLAMMATORY_RESPONSE,Osm,inflammatory
HALLMARK_INFLAMMATORY_RESPONSE,Osmr,inflammatory
HALLMARK_INFLAMMATORY_RESPONSE,P2rx4,inflammatory
HALLMARK_INFLAMMATORY_RESPONSE,P2rx7,inflammatory
HALLMARK_INFLAMMATORY_RESPONSE,P2ry2,inflammatory
HALLMARK_INFLAMMATORY_RESPONSE,Pcdh7,inflammatory
HALLMARK_INFLAMMATORY_RESPONSE,Pde4b,inflammatory
HALLMARK_INFLAMMATORY_RESPONSE,Pdpn,inflammatory
HALLMARK_INFLAMMATORY_RESPONSE,Pik3r5,inflammatory
HALLMARK_INFLAMMATORY_RESPONSE,Plaur,inflammatory
HALLMARK_INFLAMMATORY_RESPONSE,Prok2,inflammatory
HALLMARK_INFLAMMATORY_RESPONSE,Psen1,inflammatory
HALLMARK_INFLAMMATORY_RESPONSE,Ptafr,inflammatory
HALLMARK_INFLAMMATORY_RESPONSE,Ptger2,inflammatory
HALLMARK_INFLAMMATORY_RESPONSE,Ptger4,inflammatory
HALLMARK_INFLAMMATORY_RESPONSE,Ptgir,inflammatory
HALLMARK_INFLAMMATORY_RESPONSE,Ptpre,inflammatory
HALLMARK_INFLAMMATORY_RESPONSE,Pvr,inflammatory
HALLMARK_INFLAMMATORY_RESPONSE,Raf1,inflammatory
HALLMARK_INFLAMMATORY_RESPONSE,Rasgrp1,inflammatory
HALLMARK_INFLAMMATORY_RESPONSE,Rela,inflammatory
HALLMARK_INFLAMMATORY_RESPONSE,Rgs1,inflammatory
HALLMARK_INFLAMMATORY_RESPONSE,Rgs16,inflammatory
HALLMARK_INFLAMMATORY_RESPONSE,Rhog,inflammatory
HALLMARK_INFLAMMATORY_RESPONSE,Ripk2,inflammatory
HALLMARK_INFLAMMATORY_RESPONSE,Rnf144b,inflammatory
HALLMARK_INFLAMMATORY_RESPONSE,Ros1,inflammatory
HALLMARK_INFLAMMATORY_RESPONSE,Rtp4,inflammatory
HALLMARK_INFLAMMATORY_RESPONSE,Scarf1,inflammatory
HALLMARK_INFLAMMATORY_RESPONSE,Scn1b,inflammatory
HALLMARK_INFLAMMATORY_RESPONSE,Sele,inflammatory
HALLMARK_INFLAMMATORY_RESPONSE,Selenos,inflammatory
HALLMARK_INFLAMMATORY_RESPONSE,Sell,inflammatory
HALLMARK_INFLAMMATORY_RESPONSE,Sema4d,inflammatory
HALLMARK_INFLAMMATORY_RESPONSE,Serpine1,inflammatory
HALLMARK_INFLAMMATORY_RESPONSE,Sgms2,inflammatory
HALLMARK_INFLAMMATORY_RESPONSE,Slamf1,inflammatory
HALLMARK_INFLAMMATORY_RESPONSE,Slc11a2,inflammatory
HALLMARK_INFLAMMATORY_RESPONSE,Slc1a2,inflammatory
HALLMARK_INFLAMMATORY_RESPONSE,Slc28a2,inflammatory
HALLMARK_INFLAMMATORY_RESPONSE,Slc28a2b,inflammatory
HALLMARK_INFLAMMATORY_RESPONSE,Slc31a1,inflammatory
HALLMARK_INFLAMMATORY_RESPONSE,Slc31a2,inflammatory
HALLMARK_INFLAMMATORY_RESPONSE,Slc4a4,inflammatory
HALLMARK_INFLAMMATORY_RESPONSE,Slc7a1,inflammatory
HALLMARK_INFLAMMATORY_RESPONSE,Slc7a2,inflammatory
HALLMARK_INFLAMMATORY_RESPONSE,Sphk1,inflammatory
HALLMARK_INFLAMMATORY_RESPONSE,Sri,inflammatory
HALLMARK_INFLAMMATORY_RESPONSE,Stab1,inflammatory
HALLMARK_INFLAMMATORY_RESPONSE,Tacr1,inflammatory
HALLMARK_INFLAMMATORY_RESPONSE,Tacr3,inflammatory
HALLMARK_INFLAMMATORY_RESPONSE,Tapbp,inflammatory
HALLMARK_INFLAMMATORY_RESPONSE,Timp1,inflammatory
HALLMARK_INFLAMMATORY_RESPONSE,Tlr1,inflammatory
HALLMARK_INFLAMMATORY_RESPONSE,Tlr2,inflammatory
HALLMARK_INFLAMMATORY_RESPONSE,Tlr3,inflammatory
HALLMARK_INFLAMMATORY_RESPONSE,Tnfaip6,inflammatory
HALLMARK_INFLAMMATORY_RESPONSE,Tnfrsf1b,inflammatory
HALLMARK_INFLAMMATORY_RESPONSE,Tnfrsf9,inflammatory
HALLMARK_INFLAMMATORY_RESPONSE,Tnfsf10,inflammatory
HALLMARK_INFLAMMATORY_RESPONSE,Tnfsf15,inflammatory
HALLMARK_INFLAMMATORY_RESPONSE,Tnfsf9,inflammatory
HALLMARK_INFLAMMATORY_RESPONSE,Tpbg,inflammatory
HALLMARK_INFLAMMATORY_RESPONSE,Vip,inflammatory
HALLMARK_OXIDATIVE_PHOSPHORYLATION,Abcb7,mitochondrial
HALLMARK_OXIDATIVE_PHOSPHORYLATION,Acaa1a,mitochondrial
HALLMARK_OXIDATIVE_PHOSPHORYLATION,Acaa2,mitochondrial
HALLMARK_OXIDATIVE_PHOSPHORYLATION,Acadm,mitochondrial
HALLMARK_OXIDATIVE_PHOSPHORYLATION,Acadsb,mitochondrial
HALLMARK_OXIDATIVE_PHOSPHORYLATION,Acadvl,mitochondrial
HALLMARK_OXIDATIVE_PHOSPHORYLATION,Acat1,mitochondrial
HALLMARK_OXIDATIVE_PHOSPHORYLATION,Aco2,mitochondrial
HALLMARK_OXIDATIVE_PHOSPHORYLATION,Afg3l2,mitochondrial
HALLMARK_OXIDATIVE_PHOSPHORYLATION,Aifm1,mitochondrial
HALLMARK_OXIDATIVE_PHOSPHORYLATION,Alas1,mitochondrial
HALLMARK_OXIDATIVE_PHOSPHORYLATION,Aldh6a1,mitochondrial
HALLMARK_OXIDATIVE_PHOSPHORYLATION,Atp1b1,mitochondrial
HALLMARK_OXIDATIVE_PHOSPHORYLATION,Atp5a1,mitochondrial
HALLMARK_OXIDATIVE_PHOSPHORYLATION,Atp5b,mitochondrial
HALLMARK_OXIDATIVE_PHOSPHORYLATION,Atp5c1,mitochondrial
HALLMARK_OXIDATIVE_PHOSPHORYLATION,Atp5d,mitochondrial
HALLMARK_OXIDATIVE_PHOSPHORYLATION,Atp5e,mitochondrial
HALLMARK_OXIDATIVE_PHOSPHORYLATION,Atp5g1,mitochondrial
HALLMARK_OXIDATIVE_PHOSPHORYLATION,Atp5g2,mitochondrial
HALLMARK_OXIDATIVE_PHOSPHORYLATION,Atp5g3,mitochondrial
HALLMARK_OXIDATIVE_PHOSPHORYLATION,Atp5h,mitochondrial
HALLMARK_OXIDATIVE_PHOSPHORYLATION,Atp5j,mitochondrial
HALLMARK_OXIDATIVE_PHOSPHORYLATION,Atp5j2,mitochondrial
HALLMARK_OXIDATIVE_PHOSPHORYLATION,Atp5k,mitochondrial
HALLMARK_OXIDATIVE_PHOSPHORYLATION,Atp5l,mitochondrial
HALLMARK_OXIDATIVE_PHOSPHORYLATION,Atp5o,mitochondrial
HALLMARK_OXIDATIVE_PHOSPHORYLATION,Atp5pb,mitochondrial
HALLMARK_OXIDATIVE_PHOSPHORYLATION,Atp6ap1,mitochondrial
HALLMARK_OXIDATIVE_PHOSPHORYLATION,Atp6v0b,mitochondrial
HALLMARK_OXIDATIVE_PHOSPHORYLATION,Atp6v0c,mitochondrial
HALLMARK_OXIDATIVE_PHOSPHORYLATION,Atp6v0e,mitochondrial
HALLMARK_OXIDATIVE_PHOSPHORYLATION,Atp6v1c1,mitochondrial
HALLMARK_OXIDATIVE_PHOSPHORYLATION,Atp6v1d,mitochondrial
HALLMARK_OXIDATIVE_PHOSPHORYLATION,Atp6v1e1,mitochondrial
HALLMARK_OXIDATIVE_PHOSPHORYLATION,Atp6v1f,mitochondrial
HALLMARK_OXIDATIVE_PHOSPHORYLATION,Atp6v1g1,mitochondrial
HALLMARK_OXIDATIVE_PHOSPHORYLATION,Atp6v1h,mitochondrial
HALLMARK_OXIDATIVE_PHOSPHORYLATION,Bax,mitochondrial
HALLMARK_OXIDATIVE_PHOSPHORYLATION,Bckdha,mitochondrial
HALLMARK_OXIDATIVE_PHOSPHORYLATION,Bdh2,mitochondrial
HALLMARK_OXIDATIVE_PHOSPHORYLATION,Casp7,mitochondrial
HALLMARK_OXIDATIVE_PHOSPHORYLATION,Cox10,mitochondrial
HALLMARK_OXIDATIVE_PHOSPHORYLATION,Cox11,mitochondrial
HALLMARK_OXIDATIVE_PHOSPHORYLATION,Cox15,mitochondrial
HALLMARK_OXIDATIVE_PHOSPHORYLATION,Cox17,mitochondrial
HALLMARK_OXIDATIVE_PHOSPHORYLATION,Cox4i1,mitochondrial
HALLMARK_OXIDATIVE_PHOSPHORYLATION,Cox5a,mitochondrial
HALLMARK_OXIDATIVE_PHOSPHORYLATION,Cox5b,mitochondrial
HALLMARK_OXIDATIVE_PHOSPHORYLATION,Cox6a1,mitochondrial
HALLMARK_OXIDATIVE_PHOSPHORYLATION,Cox6b1,mitochondrial
HALLMARK_OXIDATIVE_PHOSPHORYLATION,Cox6c,mitochondrial
HALLMARK_OXIDATIVE_PHOSPHORYLATION,Cox7a2,mitochondrial
HALLMARK_OXIDATIVE_PHOSPHORYLATION,Cox7a2l,mitochondrial
HALLMARK_OXIDATIVE_PHOSPHORYLATION,Cox7b,mitochondrial
HALLMARK_OXIDATIVE_PHOSPHORYLATION,Cox7c,mitochondrial
HALLMARK_OXIDATIVE_PHOSPHORYLATION,Cox8a,mitochondrial
HALLMARK_OXIDATIVE_PHOSPHORYLATION,Cpt1a,mitochondrial
HALLMARK_OXIDATIVE_PHOSPHORYLATION,Cs,mitochondrial
HALLMARK_OXIDATIVE_PHOSPHORYLATION,Cyb5a,mitochondrial
HALLMARK_OXIDATIVE_PHOSPHORYLATION,Cyb5r3,mitochondrial
HALLMARK_OXIDATIVE_PHOSPHORYLATION,Cyc1,mitochondrial
HALLMARK_OXIDATIVE_PHOSPHORYLATION,Cycs,mitochondrial
HALLMARK_OXIDATIVE_PHOSPHORYLATION,Decr1,mitochondrial
HALLMARK_OXIDATIVE_PHOSPHORYLATION,Dlat,mitochondrial
HALLMARK_OXIDATIVE_PHOSPHORYLATION,Dld,mitochondrial
HALLMARK_OXIDATIVE_PHOSPHORYLATION,Dlst,mitochondrial
HALLMARK_OXIDATIVE_PHOSPHORYLATION,Ech1,mitochondrial
HALLMARK_OXIDATIVE_PHOSPHORYLATION,Echs1,mitochondrial
HALLMARK_OXIDATIVE_PHOSPHORYLATION,Eci1,mitochondrial
HALLMARK_OXIDATIVE_PHOSPHORYLATION,Etfa,mitochondrial
HALLMARK_OXIDATIVE_PHOSPHORYLATION,Etfb,mitochondrial
HALLMARK_OXIDATIVE_PHOSPHORYLATION,Etfdh,mitochondrial
HALLMARK_OXIDATIVE_PHOSPHORYLATION,Fdx1,mitochondrial
HALLMARK_OXIDATIVE_PHOSPHORYLATION,Fh1,mitochondrial
HALLMARK_OXIDATIVE_PHOSPHORYLATION,Fxn,mitochondrial
HALLMARK_OXIDATIVE_PHOSPHORYLATION,Glud1,mitochondrial
HALLMARK_OXIDATIVE_PHOSPHORYLATION,Got2,mitochondrial
HALLMARK_OXIDATIVE_PHOSPHORYLATION,Gpi1,mitochondrial
HALLMARK_OXIDATIVE_PHOSPHORYLATION,Gpx4,mitochondrial
HALLMARK_OXIDATIVE_PHOSPHORYLATION,Grpel1,mitochondrial
HALLMARK_OXIDATIVE_PHOSPHORYLATION,Hadha,mitochondrial
HALLMARK_OXIDATIVE_PHOSPHORYLATION,Hadhb,mitochondrial
HALLMARK_OXIDATIVE_PHOSPHORYLATION,Hccs,mitochondrial
HALLMARK_OXIDATIVE_PHOSPHORYLATION,Hsd17b10,mitochondrial
HALLMARK_OXIDATIVE_PHOSPHORYLATION,Hspa9,mitochondrial
HALLMARK_OXIDATIVE_PHOSPHORYLATION,Htra2,mitochondrial
HALLMARK_OXIDATIVE_PHOSPHORYLATION,Idh1,mitochondrial
HALLMARK_OXIDATIVE_PHOSPHORYLATION,Idh2,mitochondrial
HALLMARK_OXIDATIVE_PHOSPHORYLATION,Idh3a,mitochondrial
HALLMARK_OXIDATIVE_PHOSPHORYLATION,Idh3b,mitochondrial
HALLMARK_OXIDATIVE_PHOSPHORYLATION,Idh3g,mitochondrial
HALLMARK_OXIDATIVE_PHOSPHORYLATION,Immt,mitochondrial
HALLMARK_OXIDATIVE_PHOSPHORYLATION,Isca1,mitochondrial
HALLMARK_OXIDATIVE_PHOSPHORYLATION,Iscu,mitochondrial
HALLMARK_OXIDATIVE_PHOSPHORYLATION,Ldha,mitochondrial
HALLMARK_OXIDATIVE_PHOSPHORYLATION,Ldhb,mitochondrial
HALLMARK_OXIDATIVE_PHOSPHORYLATION,Lrpprc,mitochondrial
HALLMARK_OXIDATIVE_PHOSPHORYLATION,Maob,mitochondrial
HALLMARK_OXIDATIVE_PHOSPHORYLATION,Mdh1,mitochondrial
HALLMARK_OXIDATIVE_PHOSPHORYLATION,Mdh2,mitochondrial
HALLMARK_OXIDATIVE_PHOSPHORYLATION,Mfn2,mitochondrial
HALLMARK_OXIDATIVE_PHOSPHORYLATION,Mgst3,mitochondrial
HALLMARK_OXIDATIVE_PHOSPHORYLATION,Mpc1,mitochondrial
HALLMARK_OXIDATIVE_PHOSPHORYLATION,Mrpl11,mitochondrial
HALLMARK_OXIDATIVE_PHOSPHORYLATION,Mrpl15,mitochondrial
HALLMARK_OXIDATIVE_PHOSPHORYLATION,Mrpl34,mitochondrial
HALLMARK_OXIDATIVE_PHOSPHORYLATION,Mrpl35,mitochondrial
HALLMARK_OXIDATIVE_PHOSPHORYLATION,Mrps11,mitochondrial
HALLMARK_OXIDATIVE_PHOSPHORYLATION,Mrps12,mitochondrial
HALLMARK_OXIDATIVE_PHOSPHORYLATION,Mrps15,mitochondrial
HALLMARK_OXIDATIVE_PHOSPHORYLATION,Mrps22,mitochondrial
HALLMARK_OXIDATIVE_PHOSPHORYLATION,Mrps30,mitochondrial
HALLMARK_OXIDATIVE_PHOSPHORYLATION,Mtrf1,mitochondrial
HALLMARK_OXIDATIVE_PHOSPHORYLATION,Mtrr,mitochondrial
HALLMARK_OXIDATIVE_PHOSPHORYLATION,Mtx2,mitochondrial
HALLMARK_OXIDATIVE_PHOSPHORYLATION,Ndufa1,mitochondrial
HALLMARK_OXIDATIVE_PHOSPHORYLATION,Ndufa2,mitochondrial
HALLMARK_OXIDATIVE_PHOSPHORYLATION,Ndufa3,mitochondrial
HALLMARK_OXIDATIVE_PHOSPHORYLATION,Ndufa4,mitochondrial
HALLMARK_OXIDATIVE_PHOSPHORYLATION,Ndufa5,mitochondrial
HALLMARK_OXIDATIVE_PHOSPHORYLATION,Ndufa6,mitochondrial
HALLMARK_OXIDATIVE_PHOSPHORYLATION,Ndufa7,mitochondrial
HALLMARK_OXIDATIVE_PHOSPHORYLATION,Ndufa8,mitochondrial
HALLMARK_OXIDATIVE_PHOSPHORYLATION,Ndufa9,mitochondrial
HALLMARK_OXIDATIVE_PHOSPHORYLATION,Ndufab1,mitochondrial
HALLMARK_OXIDATIVE_PHOSPHORYLATION,Ndufb1,mitochondrial
HALLMARK_OXIDATIVE_PHOSPHORYLATION,Ndufb2,mitochondrial
HALLMARK_OXIDATIVE_PHOSPHORYLATION,Ndufb3,mitochondrial
HALLMARK_OXIDATIVE_PHOSPHORYLATION,Ndufb4,mitochondrial
HALLMARK_OXIDATIVE_PHOSPHORYLATION,Ndufb5,mitochondrial
HALLMARK_OXIDATIVE_PHOSPHORYLATION,Ndufb6,mitochondrial
HALLMARK_OXIDATIVE_PHOSPHORYLATION,Ndufb7,mitochondrial
HALLMARK_OXIDATIVE_PHOSPHORYLATION,Ndufb8,mitochondrial
HALLMARK_OXIDATIVE_PHOSPHORYLATION,Ndufc1,mitochondrial
HALLMARK_OXIDATIVE_PHOSPHORYLATION,Ndufc2,mitochondrial
HALLMARK_OXIDATIVE_PHOSPHORYLATION,Ndufs1,mitochondrial
HALLMARK_OXIDATIVE_PHOSPHORYLATION,Ndufs2,mitochondrial
HALLMARK_OXIDATIVE_PHOSPHORYLATION,Ndufs3,mitochondrial
HALLMARK_OXIDATIVE_PHOSPHORYLATION,Ndufs4,mitochondrial
HALLMARK_OXIDATIVE_PHOSPHORYLATION,Ndufs6,mitochondrial
HALLMARK_OXIDATIVE_PHOSPHORYLATION,Ndufs7,mitochondrial
HALLMARK_OXIDATIVE_PHOSPHORYLATION,Ndufs8,mitochondrial
HALLMARK_OXIDATIVE_PHOSPHORYLATION,Ndufv1,mitochondrial
HALLMARK_OXIDATIVE_PHOSPHORYLATION,Ndufv2,mitochondrial
HALLMARK_OXIDATIVE_PHOSPHORYLATION,Nnt,mitochondrial
HALLMARK_OXIDATIVE_PHOSPHORYLATION,Nqo2,mitochondrial
HALLMARK_OXIDATIVE_PHOSPHORYLATION,Oat,mitochondrial
HALLMARK_OXIDATIVE_PHOSPHORYLATION,Ogdh,mitochondrial
HALLMARK_OXIDATIVE_PHOSPHORYLATION,Opa1,mitochondrial
HALLMARK_OXIDATIVE_PHOSPHORYLATION,Oxa1l,mitochondrial
HALLMARK_OXIDATIVE_PHOSPHORYLATION,Pdha1,mitochondrial
HALLMARK_OXIDATIVE_PHOSPHORYLATION,Pdhb,mitochondrial
HALLMARK_OXIDATIVE_PHOSPHORYLATION,Pdhx,mitochondrial
HALLMARK_OXIDATIVE_PHOSPHORYLATION,Pdk4,mitochondrial
HALLMARK_OXIDATIVE_PHOSPHORYLATION,Pdp1,mitochondrial
HALLMARK_OXIDATIVE_PHOSPHORYLATION,Phb2,mitochondrial
HALLMARK_OXIDATIVE_PHOSPHORYLATION,Phyh,mitochondrial
HALLMARK_OXIDATIVE_PHOSPHORYLATION,Pmpca,mitochondrial
HALLMARK_OXIDATIVE_PHOSPHORYLATION,Polr2f,mitochondrial
HALLMARK_OXIDATIVE_PHOSPHORYLATION,Por,mitochondrial
HALLMARK_OXIDATIVE_PHOSPHORYLATION,Prdx3,mitochondrial
HALLMARK_OXIDATIVE_PHOSPHORYLATION,Retsat,mitochondrial
HALLMARK_OXIDATIVE_PHOSPHORYLATION,Rhot1,mitochondrial
HALLMARK_OXIDATIVE_PHOSPHORYLATION,Rhot2,mitochondrial
HALLMARK_OXIDATIVE_PHOSPHORYLATION,Sdha,mitochondrial
HALLMARK_OXIDATIVE_PHOSPHORYLATION,Sdhb,mitochondrial
HALLMARK_OXIDATIVE_PHOSPHORYLATION,Sdhc,mitochondrial
HALLMARK_OXIDATIVE_PHOSPHORYLATION,Sdhd,mitochondrial
HALLMARK_OXIDATIVE_PHOSPHORYLATION,Slc25a11,mitochondrial
HALLMARK_OXIDATIVE_PHOSPHORYLATION,Slc25a12,mitochondrial
HALLMARK_OXIDATIVE_PHOSPHORYLATION,Slc25a20,mitochondrial
HALLMARK_OXIDATIVE_PHOSPHORYLATION,Slc25a3,mitochondrial
HALLMARK_OXIDATIVE_PHOSPHORYLATION,Slc25a4,mitochondrial
HALLMARK_OXIDATIVE_PHOSPHORYLATION,Slc25a5,mitochondrial
HALLMARK_OXIDATIVE_PHOSPHORYLATION,Sucla2,mitochondrial
HALLMARK_OXIDATIVE_PHOSPHORYLATION,Suclg1,mitochondrial
HALLMARK_OXIDATIVE_PHOSPHORYLATION,Supv3l1,mitochondrial
HALLMARK_OXIDATIVE_PHOSPHORYLATION,Surf1,mitochondrial
HALLMARK_OXIDATIVE_PHOSPHORYLATION,Tcirg1,mitochondrial
HALLMARK_OXIDATIVE_PHOSPHORYLATION,Timm10,mitochondrial
HALLMARK_OXIDATIVE_PHOSPHORYLATION,Timm13,mitochondrial
HALLMARK_OXIDATIVE_PHOSPHORYLATION,Timm17a,mitochondrial
HALLMARK_OXIDATIVE_PHOSPHORYLATION,Timm50,mitochondrial
HALLMARK_OXIDATIVE_PHOSPHORYLATION,Timm8b,mitochondrial
HALLMARK_OXIDATIVE_PHOSPHORYLATION,Timm9,mitochondrial
HALLMARK_OXIDATIVE_PHOSPHORYLATION,Tomm22,mitochondrial
HALLMARK_OXIDATIVE_PHOSPHORYLATION,Tomm70a,mitochondrial
HALLMARK_OXIDATIVE_PHOSPHORYLATION,Uqcr10,mitochondrial
HALLMARK_OXIDATIVE_PHOSPHORYLATION,Uqcr11,mitochondrial
HALLMARK_OXIDATIVE_PHOSPHORYLATION,Uqcrb,mitochondrial
HALLMARK_OXIDATIVE_PHOSPHORYLATION,Uqcrc1,mitochondrial
HALLMARK_OXIDATIVE_PHOSPHORYLATION,Uqcrc2,mitochondrial
HALLMARK_OXIDATIVE_PHOSPHORYLATION,Uqcrfs1,mitochondrial
HALLMARK_OXIDATIVE_PHOSPHORYLATION,Uqcrh,mitochondrial
HALLMARK_OXIDATIVE_PHOSPHORYLATION,Uqcrq,mitochondrial
HALLMARK_OXIDATIVE_PHOSPHORYLATION,Vdac1,mitochondrial
HALLMARK_OXIDATIVE_PHOSPHORYLATION,Vdac2,mitochondrial
HALLMARK_OXIDATIVE_PHOSPHORYLATION,Vdac3,mitochondrial
HALLMARK_TNFA_SIGNALING_VIA_NFKB,Abca1,inflammatory
HALLMARK_TNFA_SIGNALING_VIA_NFKB,Ackr3,inflammatory
HALLMARK_TNFA_SIGNALING_VIA_NFKB,Areg,inflammatory
HALLMARK_TNFA_SIGNALING_VIA_NFKB,Atf3,inflammatory
HALLMARK_TNFA_SIGNALING_VIA_NFKB,Atp2b1,inflammatory
HALLMARK_TNFA_SIGNALING_VIA_NFKB,B4galt1,inflammatory
HALLMARK_TNFA_SIGNALING_VIA_NFKB,B4galt5,inflammatory
HALLMARK_TNFA_SIGNALING_VIA_NFKB,Bcl2a1a,inflammatory
HALLMARK_TNFA_SIGNALING_VIA_NFKB,Bcl3,inflammatory
HALLMARK_TNFA_SIGNALING_VIA_NFKB,Bcl6,inflammatory
HALLMARK_TNFA_SIGNALING_VIA_NFKB,Bhlhe40,inflammatory
HALLMARK_TNFA_SIGNALING_VIA_NFKB,Birc2,inflammatory
HALLMARK_TNFA_SIGNALING_VIA_NFKB,Birc3,inflammatory
HALLMARK_TNFA_SIGNALING_VIA_NFKB,Bmp2,inflammatory
HALLMARK_TNFA_SIGNALING_VIA_NFKB,Btg1,inflammatory
HALLMARK_TNFA_SIGNALING_VIA_NFKB,Btg2,inflammatory
HALLMARK_TNFA_SIGNALING_VIA_NFKB,Btg3,inflammatory
HALLMARK_TNFA_SIGNALING_VIA_NFKB,Ccl2,inflammatory
HALLMARK_TNFA_SIGNALING_VIA_NFKB,Ccl20,inflammatory
HALLMARK_TNFA_SIGNALING_VIA_NFKB,Ccl4,inflammatory
HALLMARK_TNFA_SIGNALING_VIA_NFKB,Ccl5,inflammatory
HALLMARK_TNFA_SIGNALING_VIA_NFKB,Ccn1,inflammatory
HALLMARK_TNFA_SIGNALING_VIA_NFKB,Ccnd1,inflammatory
HALLMARK_TNFA_SIGNALING_VIA_NFKB,Ccnl1,inflammatory
HALLMARK_TNFA_SIGNALING_VIA_NFKB,Ccrl2,inflammatory
HALLMARK_TNFA_SIGNALING_VIA_NFKB,Cd44,inflammatory
HALLMARK_TNFA_SIGNALING_VIA_NFKB,Cd69,inflammatory
HALLMARK_TNFA_SIGNALING_VIA_NFKB,Cd80,inflammatory
HALLMARK_TNFA_SIGNALING_VIA_NFKB,Cd83,inflammatory
HALLMARK_TNFA_SIGNALING_VIA_NFKB,Cdkn1a,inflammatory
HALLMARK_TNFA_SIGNALING_VIA_NFKB,Cebpb,inflammatory
HALLMARK_TNFA_SIGNALING_VIA_NFKB,Cebpd,inflammatory
HALLMARK_TNFA_SIGNALING_VIA_NFKB,Cflar,inflammatory
HALLMARK_TNFA_SIGNALING_VIA_NFKB,Clcf1,inflammatory
HALLMARK_TNFA_SIGNALING_VIA_NFKB,Csf1,inflammatory
HALLMARK_TNFA_SIGNALING_VIA_NFKB,Csf2,inflammatory
HALLMARK_TNFA_SIGNALING_VIA_NFKB,Cxcl1,inflammatory
HALLMARK_TNFA_SIGNALING_VIA_NFKB,Cxcl10,inflammatory
HALLMARK_TNFA_SIGNALING_VIA_NFKB,Cxcl11,inflammatory
HALLMARK_TNFA_SIGNALING_VIA_NFKB,Cxcl2,inflammatory
HALLMARK_TNFA_SIGNALING_VIA_NFKB,Cxcl3,inflammatory
HALLMARK_TNFA_SIGNALING_VIA_NFKB,Cxcl5,inflammatory
HALLMARK_TNFA_SIGNALING_VIA_NFKB,Dennd5a,inflammatory
HALLMARK_TNFA_SIGNALING_VIA_NFKB,Dnajb4,inflammatory
HALLMARK_TNFA_SIGNALING_VIA_NFKB,Dram1,inflammatory
HALLMARK_TNFA_SIGNALING_VIA_NFKB,Dusp1,inflammatory
HALLMARK_TNFA_SIGNALING_VIA_NFKB,Dusp2,inflammatory
HALLMARK_TNFA_SIGNALING_VIA_NFKB,Dusp4,inflammatory
HALLMARK_TNFA_SIGNALING_VIA_NFKB,Dusp5,inflammatory
HALLMARK_TNFA_SIGNALING_VIA_NFKB,Edn1,inflammatory
HALLMARK_TNFA_SIGNALING_VIA_NFKB,Efna1,inflammatory
HALLMARK_TNFA_SIGNALING_VIA_NFKB,Egr1,inflammatory
HALLMARK_TNFA_SIGNALING_VIA_NFKB,Egr2,inflammatory
HALLMARK_TNFA_SIGNALING_VIA_NFKB,Egr3,inflammatory
HALLMARK_TNFA_SIGNALING_VIA_NFKB,Ehd1,inflammatory
HALLMARK_TNFA_SIGNALING_VIA_NFKB,Eif1,inflammatory
HALLMARK_TNFA_SIGNALING_VIA_NFKB,Ets2,inflammatory
HALLMARK_TNFA_SIGNALING_VIA_NFKB,F2rl1,inflammatory
HALLMARK_TNFA_SIGNALING_VIA_NFKB,F3,inflammatory
HALLMARK_TNFA_SIGNALING_VIA_NFKB,Fjx1,inflammatory
HALLMARK_TNFA_SIGNALING_VIA_NFKB,Fos,inflammatory
HALLMARK_TNFA_SIGNALING_VIA_NFKB,Fosb,inflammatory
HALLMARK_TNFA_SIGNALING_VIA_NFKB,Fosl1,inflammatory
HALLMARK_TNFA_SIGNALING_VIA_NFKB,Fosl2,inflammatory
HALLMARK_TNFA_SIGNALING_VIA_NFKB,Fut4,inflammatory
HALLMARK_TNFA_SIGNALING_VIA_NFKB,G0s2,inflammatory
HALLMARK_TNFA_SIGNALING_VIA_NFKB,Gadd45a,inflammatory
HALLMARK_TNFA_SIGNALING_VIA_NFKB,Gadd45b,inflammatory
HALLMARK_TNFA_SIGNALING_VIA_NFKB,Gch1,inflammatory
HALLMARK_TNFA_SIGNALING_VIA_NFKB,Gem,inflammatory
HALLMARK_TNFA_SIGNALING_VIA_NFKB,Gfpt2,inflammatory
HALLMARK_TNFA_SIGNALING_VIA_NFKB,Gpr183,inflammatory
HALLMARK_TNFA_SIGNALING_VIA_NFKB,Hbegf,inflammatory
HALLMARK_TNFA_SIGNALING_VIA_NFKB,Hes1,inflammatory
HALLMARK_TNFA_SIGNALING_VIA_NFKB,Icam1,inflammatory
HALLMARK_TNFA_SIGNALING_VIA_NFKB,Icosl,inflammatory
HALLMARK_TNFA_SIGNALING_VIA_NFKB,Id2,inflammatory
HALLMARK_TNFA_SIGNALING_VIA_NFKB,Ier2,inflammatory
HALLMARK_TNFA_SIGNALING_VIA_NFKB,Ier3,inflammatory
HALLMARK_TNFA_SIGNALING_VIA_NFKB,Ier5,inflammatory
HALLMARK_TNFA_SIGNALING_VIA_NFKB,Ifih1,inflammatory
HALLMARK_TNFA_SIGNALING_VIA_NFKB,Ifit2,inflammatory
HALLMARK_TNFA_SIGNALING_VIA_NFKB,Ifngr2,inflammatory
HALLMARK_TNFA_SIGNALING_VIA_NFKB,Il12b,inflammatory
HALLMARK_TNFA_SIGNALING_VIA_NFKB,Il15ra,inflammatory
HALLMARK_TNFA_SIGNALING_VIA_NFKB,Il18,inflammatory
HALLMARK_TNFA_SIGNALING_VIA_NFKB,Il1a,inflammatory
HALLMARK_TNFA_SIGNALING_VIA_NFKB,Il1b,inflammatory
HALLMARK_TNFA_SIGNALING_VIA_NFKB,Il23a,inflammatory
HALLMARK_TNFA_SIGNALING_VIA_NFKB,Il6,inflammatory
HALLMARK_TNFA_SIGNALING_VIA_NFKB,Il6st,inflammatory
HALLMARK_TNFA_SIGNALING_VIA_NFKB,Il7r,inflammatory
HALLMARK_TNFA_SIGNALING_VIA_NFKB,Inhba,inflammatory
HALLMARK_TNFA_SIGNALING_VIA_NFKB,Irf1,inflammatory
HALLMARK_TNFA_SIGNALING_VIA_NFKB,Irs2,inflammatory
HALLMARK_TNFA_SIGNALING_VIA_NFKB,Jag1,inflammatory
HALLMARK_TNFA_SIGNALING_VIA_NFKB,Jun,inflammatory
HALLMARK_TNFA_SIGNALING_VIA_NFKB,Junb,inflammatory
HALLMARK_TNFA_SIGNALING_VIA_NFKB,Kdm6b,inflammatory
HALLMARK_TNFA_SIGNALING_VIA_NFKB,Klf10,inflammatory
HALLMARK_TNFA_SIGNALING_VIA_NFKB,Klf2,inflammatory
HALLMARK_TNFA_SIGNALING_VIA_NFKB,Klf4,inflammatory
HALLMARK_TNFA_SIGNALING_VIA_NFKB,Klf6,inflammatory
HALLMARK_TNFA_SIGNALING_VIA_NFKB,Klf9,inflammatory
HALLMARK_TNFA_SIGNALING_VIA_NFKB,Kynu,inflammatory
HALLMARK_TNFA_SIGNALING_VIA_NFKB,Lamb3,inflammatory
HALLMARK_TNFA_SIGNALING_VIA_NFKB,Ldlr,inflammatory
HALLMARK_TNFA_SIGNALING_VIA_NFKB,Lif,inflammatory
HALLMARK_TNFA_SIGNALING_VIA_NFKB,Litaf,inflammatory
HALLMARK_TNFA_SIGNALING_VIA_NFKB,Maff,inflammatory
HALLMARK_TNFA_SIGNALING_VIA_NFKB,Map2k3,inflammatory
HALLMARK_TNFA_SIGNALING_VIA_NFKB,Map3k8,inflammatory
HALLMARK_TNFA_SIGNALING_VIA_NFKB,Marcks,inflammatory
HALLMARK_TNFA_SIGNALING_VIA_NFKB,Mcl1,inflammatory
HALLMARK_TNFA_SIGNALING_VIA_NFKB,Msc,inflammatory
HALLMARK_TNFA_SIGNALING_VIA_NFKB,Mxd1,inflammatory
HALLMARK_TNFA_SIGNALING_VIA_NFKB,Myc,inflammatory
HALLMARK_TNFA_SIGNALING_VIA_NFKB,Nampt,inflammatory
HALLMARK_TNFA_SIGNALING_VIA_NFKB,Nfat5,inflammatory
HALLMARK_TNFA_SIGNALING_VIA_NFKB,Nfe2l2,inflammatory
HALLMARK_TNFA_SIGNALING_VIA_NFKB,Nfil3,inflammatory
HALLMARK_TNFA_SIGNALING_VIA_NFKB,Nfkb1,inflammatory
HALLMARK_TNFA_SIGNALING_VIA_NFKB,Nfkb2,inflammatory
HALLMARK_TNFA_SIGNALING_VIA_NFKB,Nfkbia,inflammatory
HALLMARK_TNFA_SIGNALING_VIA_NFKB,Nfkbie,inflammatory
HALLMARK_TNFA_SIGNALING_VIA_NFKB,Ninj1,inflammatory
HALLMARK_TNFA_SIGNALING_VIA_NFKB,Nr4a1,inflammatory
HALLMARK_TNFA_SIGNALING_VIA_NFKB,Nr4a2,inflammatory
HALLMARK_TNFA_SIGNALING_VIA_NFKB,Nr4a3,inflammatory
HALLMARK_TNFA_SIGNALING_VIA_NFKB,Olr1,inflammatory
HALLMARK_TNFA_SIGNALING_VIA_NFKB,Panx1,inflammatory
HALLMARK_TNFA_SIGNALING_VIA_NFKB,Pde4b,inflammatory
HALLMARK_TNFA_SIGNALING_VIA_NFKB,Pdlim5,inflammatory
HALLMARK_TNFA_SIGNALING_VIA_NFKB,Per1,inflammatory
HALLMARK_TNFA_SIGNALING_VIA_NFKB,Pfkfb3,inflammatory
HALLMARK_TNFA_SIGNALING_VIA_NFKB,Phlda1,inflammatory
HALLMARK_TNFA_SIGNALING_VIA_NFKB,Phlda2,inflammatory
HALLMARK_TNFA_SIGNALING_VIA_NFKB,Plau,inflammatory
HALLMARK_TNFA_SIGNALING_VIA_NFKB,Plaur,inflammatory
HALLMARK_TNFA_SIGNALING_VIA_NFKB,Plek,inflammatory
HALLMARK_TNFA_SIGNALING_VIA_NFKB,Plk2,inflammatory
HALLMARK_TNFA_SIGNALING_VIA_NFKB,Plpp3,inflammatory
HALLMARK_TNFA_SIGNALING_VIA_NFKB,Pmepa1,inflammatory
HALLMARK_TNFA_SIGNALING_VIA_NFKB,Pnrc1,inflammatory
HALLMARK_TNFA_SIGNALING_VIA_NFKB,Ppp1r15a,inflammatory
HALLMARK_TNFA_SIGNALING_VIA_NFKB,Ptger4,inflammatory
HALLMARK_TNFA_SIGNALING_VIA_NFKB,Ptgs2,inflammatory
HALLMARK_TNFA_SIGNALING_VIA_NFKB,Ptpre,inflammatory
HALLMARK_TNFA_SIGNALING_VIA_NFKB,Ptx3,inflammatory
HALLMARK_TNFA_SIGNALING_VIA_NFKB,Rcan1,inflammatory
HALLMARK_TNFA_SIGNALING_VIA_NFKB,Rel,inflammatory
HALLMARK_TNFA_SIGNALING_VIA_NFKB,Rela,inflammatory
HALLMARK_TNFA_SIGNALING_VIA_NFKB,Relb,inflammatory
HALLMARK_TNFA_SIGNALING_VIA_NFKB,Rhob,inflammatory
HALLMARK_TNFA_SIGNALING_VIA_NFKB,Rigi,inflammatory
HALLMARK_TNFA_SIGNALING_VIA_NFKB,Ripk2,inflammatory
HALLMARK_TNFA_SIGNALING_VIA_NFKB,Rnf19b,inflammatory
HALLMARK_TNFA_SIGNALING_VIA_NFKB,Sat1,inflammatory
HALLMARK_TNFA_SIGNALING_VIA_NFKB,Sdc4,inflammatory
HALLMARK_TNFA_SIGNALING_VIA_NFKB,Serpinb2,inflammatory
HALLMARK_TNFA_SIGNALING_VIA_NFKB,Serpinb8,inflammatory
HALLMARK_TNFA_SIGNALING_VIA_NFKB,Serpine1,inflammatory
HALLMARK_TNFA_SIGNALING_VIA_NFKB,Sgk1,inflammatory
HALLMARK_TNFA_SIGNALING_VIA_NFKB,Sik1,inflammatory
HALLMARK_TNFA_SIGNALING_VIA_NFKB,Slc16a6,inflammatory
HALLMARK_TNFA_SIGNALING_VIA_NFKB,Slc2a3,inflammatory
HALLMARK_TNFA_SIGNALING_VIA_NFKB,Slc2a6,inflammatory
HALLMARK_TNFA_SIGNALING_VIA_NFKB,Smad3,inflammatory
HALLMARK_TNFA_SIGNALING_VIA_NFKB,Snn,inflammatory
HALLMARK_TNFA_SIGNALING_VIA_NFKB,Socs3,inflammatory
HALLMARK_TNFA_SIGNALING_VIA_NFKB,Sphk1,inflammatory
HALLMARK_TNFA_SIGNALING_VIA_NFKB,Spsb1,inflammatory
HALLMARK_TNFA_SIGNALING_VIA_NFKB,Sqstm1,inflammatory
HALLMARK_TNFA_SIGNALING_VIA_NFKB,Stat5a,inflammatory
HALLMARK_TNFA_SIGNALING_VIA_NFKB,Tank,inflammatory
HALLMARK_TNFA_SIGNALING_VIA_NFKB,Tap1,inflammatory
HALLMARK_TNFA_SIGNALING_VIA_NFKB,Tgif1,inflammatory
HALLMARK_TNFA_SIGNALING_VIA_NFKB,Tiparp,inflammatory
HALLMARK_TNFA_SIGNALING_VIA_NFKB,Tlr2,inflammatory
HALLMARK_TNFA_SIGNALING_VIA_NFKB,Tnc,inflammatory
HALLMARK_TNFA_SIGNALING_VIA_NFKB,Tnf,inflammatory
HALLMARK_TNFA_SIGNALING_VIA_NFKB,Tnfaip2,inflammatory
HALLMARK_TNFA_SIGNALING_VIA_NFKB,Tnfaip3,inflammatory
HALLMARK_TNFA_SIGNALING_VIA_NFKB,Tnfaip6,inflammatory
HALLMARK_TNFA_SIGNALING_VIA_NFKB,Tnfaip8,inflammatory
HALLMARK_TNFA_SIGNALING_VIA_NFKB,Tnfrsf9,inflammatory
HALLMARK_TNFA_SIGNALING_VIA_NFKB,Tnfsf9,inflammatory
HALLMARK_TNFA_SIGNALING_VIA_NFKB,Tnip1,inflammatory
HALLMARK_TNFA_SIGNALING_VIA_NFKB,Tnip2,inflammatory
HALLMARK_TNFA_SIGNALING_VIA_NFKB,Traf1,inflammatory
HALLMARK_TNFA_SIGNALING_VIA_NFKB,Trib1,inflammatory
HALLMARK_TNFA_SIGNALING_VIA_NFKB,Trip10,inflammatory
HALLMARK_TNFA_SIGNALING_VIA_NFKB,Tsc22d1,inflammatory
HALLMARK_TNFA_SIGNALING_VIA_NFKB,Tubb2a,inflammatory
HALLMARK_TNFA_SIGNALING_VIA_NFKB,Vegfa,inflammatory
HALLMARK_TNFA_SIGNALING_VIA_NFKB,Yrdc,inflammatory
HALLMARK_TNFA_SIGNALING_VIA_NFKB,Zbtb10,inflammatory
HALLMARK_TNFA_SIGNALING_VIA_NFKB,Zc3h12a,inflammatory
HALLMARK_TNFA_SIGNALING_VIA_NFKB,Zfp36,inflammatory
KEGG_OXIDATIVE_PHOSPHORYLATION,Atp12a,mitochondrial
KEGG_OXIDATIVE_PHOSPHORYLATION,Atp4a,mitochondrial
KEGG_OXIDATIVE_PHOSPHORYLATION,Atp4b,mitochondrial
KEGG_OXIDATIVE_PHOSPHORYLATION,Atp5a1,mitochondrial
KEGG_OXIDATIVE_PHOSPHORYLATION,Atp5b,mitochondrial
KEGG_OXIDATIVE_PHOSPHORYLATION,Atp5c1,mitochondrial
KEGG_OXIDATIVE_PHOSPHORYLATION,Atp5d,mitochondrial
KEGG_OXIDATIVE_PHOSPHORYLATION,Atp5e,mitochondrial
KEGG_OXIDATIVE_PHOSPHORYLATION,Atp5g1,mitochondrial
KEGG_OXIDATIVE_PHOSPHORYLATION,Atp5g2,mitochondrial
KEGG_OXIDATIVE_PHOSPHORYLATION,Atp5g3,mitochondrial
KEGG_OXIDATIVE_PHOSPHORYLATION,Atp5h,mitochondrial
KEGG_OXIDATIVE_PHOSPHORYLATION,Atp5j,mitochondrial
KEGG_OXIDATIVE_PHOSPHORYLATION,Atp5j2,mitochondrial
KEGG_OXIDATIVE_PHOSPHORYLATION,Atp5k,mitochondrial
KEGG_OXIDATIVE_PHOSPHORYLATION,Atp5l,mitochondrial
KEGG_OXIDATIVE_PHOSPHORYLATION,Atp5o,mitochondrial
KEGG_OXIDATIVE_PHOSPHORYLATION,Atp5pb,mitochondrial
KEGG_OXIDATIVE_PHOSPHORYLATION,Atp6ap1,mitochondrial
KEGG_OXIDATIVE_PHOSPHORYLATION,Atp6v0a1,mitochondrial
KEGG_OXIDATIVE_PHOSPHORYLATION,Atp6v0a2,mitochondrial
KEGG_OXIDATIVE_PHOSPHORYLATION,Atp6v0a4,mitochondrial
KEGG_OXIDATIVE_PHOSPHORYLATION,Atp6v0b,mitochondrial
KEGG_OXIDATIVE_PHOSPHORYLATION,Atp6v0c,mitochondrial
KEGG_OXIDATIVE_PHOSPHORYLATION,Atp6v0d1,mitochondrial
KEGG_OXIDATIVE_PHOSPHORYLATION,Atp6v0d2,mitochondrial
KEGG_OXIDATIVE_PHOSPHORYLATION,Atp6v0e,mitochondrial
KEGG_OXIDATIVE_PHOSPHORYLATION,Atp6v0e2,mitochondrial
KEGG_OXIDATIVE_PHOSPHORYLATION,Atp6v1a,mitochondrial
KEGG_OXIDATIVE_PHOSPHORYLATION,Atp6v1b1,mitochondrial
KEGG_OXIDATIVE_PHOSPHORYLATION,Atp6v1b2,mitochondrial
KEGG_OXIDATIVE_PHOSPHORYLATION,Atp6v1c1,mitochondrial
KEGG_OXIDATIVE_PHOSPHORYLATION,Atp6v1c2,mitochondrial
KEGG_OXIDATIVE_PHOSPHORYLATION,Atp6v1d,mitochondrial
KEGG_OXIDATIVE_PHOSPHORYLATION,Atp6v1e1,mitochondrial
KEGG_OXIDATIVE_PHOSPHORYLATION,Atp6v1e2,mitochondrial
KEGG_OXIDATIVE_PHOSPHORYLATION,Atp6v1f,mitochondrial
KEGG_OXIDATIVE_PHOSPHORYLATION,Atp6v1g1,mitochondrial
KEGG_OXIDATIVE_PHOSPHORYLATION,Atp6v1g2,mitochondrial
KEGG_OXIDATIVE_PHOSPHORYLATION,Atp6v1g3,mitochondrial
KEGG_OXIDATIVE_PHOSPHORYLATION,Atp6v1h,mitochondrial
KEGG_OXIDATIVE_PHOSPHORYLATION,Cox10,mitochondrial
KEGG_OXIDATIVE_PHOSPHORYLATION,Cox11,mitochondrial
KEGG_OXIDATIVE_PHOSPHORYLATION,Cox15,mitochondrial
KEGG_OXIDATIVE_PHOSPHORYLATION,Cox17,mitochondrial
KEGG_OXIDATIVE_PHOSPHORYLATION,Cox4i1,mitochondrial
KEGG_OXIDATIVE_PHOSPHORYLATION,Cox4i2,mitochondrial
KEGG_OXIDATIVE_PHOSPHORYLATION,Cox5a,mitochondrial
KEGG_OXIDATIVE_PHOSPHORYLATION,Cox5b,mitochondrial
KEGG_OXIDATIVE_PHOSPHORYLATION,Cox6a1,mitochondrial
KEGG_OXIDATIVE_PHOSPHORYLATION,Cox6a2,mitochondrial
KEGG_OXIDATIVE_PHOSPHORYLATION,Cox6b1,mitochondrial
KEGG_OXIDATIVE_PHOSPHORYLATION,Cox6b2,mitochondrial
KEGG_OXIDATIVE_PHOSPHORYLATION,Cox6c,mitochondrial
KEGG_OXIDATIVE_PHOSPHORYLATION,Cox7a1,mitochondrial
KEGG_OXIDATIVE_PHOSPHORYLATION,Cox7a2,mitochondrial
KEGG_OXIDATIVE_PHOSPHORYLATION,Cox7a2l,mitochondrial
KEGG_OXIDATIVE_PHOSPHORYLATION,Cox7b,mitochondrial
KEGG_OXIDATIVE_PHOSPHORYLATION,Cox7b2,mitochondrial
KEGG_OXIDATIVE_PHOSPHORYLATION,Cox7c,mitochondrial
KEGG_OXIDATIVE_PHOSPHORYLATION,Cox8a,mitochondrial
KEGG_OXIDATIVE_PHOSPHORYLATION,Cox8c,mitochondrial
KEGG_OXIDATIVE_PHOSPHORYLATION,Cyc1,mitochondrial
KEGG_OXIDATIVE_PHOSPHORYLATION,Lhpp,mitochondrial
KEGG_OXIDATIVE_PHOSPHORYLATION,Ndufa1,mitochondrial
KEGG_OXIDATIVE_PHOSPHORYLATION,Ndufa10,mitochondrial
KEGG_OXIDATIVE_PHOSPHORYLATION,Ndufa11,mitochondrial
KEGG_OXIDATIVE_PHOSPHORYLATION,Ndufa2,mitochondrial
KEGG_OXIDATIVE_PHOSPHORYLATION,Ndufa3,mitochondrial
KEGG_OXIDATIVE_PHOSPHORYLATION,Ndufa4,mitochondrial
KEGG_OXIDATIVE_PHOSPHORYLATION,Ndufa4l2,mitochondrial
KEGG_OXIDATIVE_PHOSPHORYLATION,Ndufa5,mitochondrial
KEGG_OXIDATIVE_PHOSPHORYLATION,Ndufa6,mitochondrial
KEGG_OXIDATIVE_PHOSPHORYLATION,Ndufa7,mitochondrial
KEGG_OXIDATIVE_PHOSPHORYLATION,Ndufa8,mitochondrial
KEGG_OXIDATIVE_PHOSPHORYLATION,Ndufa9,mitochondrial
KEGG_OXIDATIVE_PHOSPHORYLATION,Ndufab1,mitochondrial
KEGG_OXIDATIVE_PHOSPHORYLATION,Ndufb1,mitochondrial
KEGG_OXIDATIVE_PHOSPHORYLATION,Ndufb10,mitochondrial
KEGG_OXIDATIVE_PHOSPHORYLATION,Ndufb2,mitochondrial
KEGG_OXIDATIVE_PHOSPHORYLATION,Ndufb3,mitochondrial
KEGG_OXIDATIVE_PHOSPHORYLATION,Ndufb4,mitochondrial
KEGG_OXIDATIVE_PHOSPHORYLATION,Ndufb5,mitochondrial
KEGG_OXIDATIVE_PHOSPHORYLATION,Ndufb6,mitochondrial
KEGG_OXIDATIVE_PHOSPHORYLATION,Ndufb7,mitochondrial
KEGG_OXIDATIVE_PHOSPHORYLATION,Ndufb8,mitochondrial
KEGG_OXIDATIVE_PHOSPHORYLATION,Ndufb9,mitochondrial
KEGG_OXIDATIVE_PHOSPHORYLATION,Ndufc1,mitochondrial
KEGG_OXIDATIVE_PHOSPHORYLATION,Ndufc2,mitochondrial
KEGG_OXIDATIVE_PHOSPHORYLATION,Ndufs1,mitochondrial
KEGG_OXIDATIVE_PHOSPHORYLATION,Ndufs2,mitochondrial
KEGG_OXIDATIVE_PHOSPHORYLATION,Ndufs3,mitochondrial
KEGG_OXIDATIVE_PHOSPHORYLATION,Ndufs4,mitochondrial
KEGG_OXIDATIVE_PHOSPHORYLATION,Ndufs5,mitochondrial
KEGG_OXIDATIVE_PHOSPHORYLATION,Ndufs6,mitochondrial
KEGG_OXIDATIVE_PHOSPHORYLATION,Ndufs7,mitochondrial
KEGG_OXIDATIVE_PHOSPHORYLATION,Ndufs8,mitochondrial
KEGG_OXIDATIVE_PHOSPHORYLATION,Ndufv1,mitochondrial
KEGG_OXIDATIVE_PHOSPHORYLATION,Ndufv2,mitochondrial
KEGG_OXIDATIVE_PHOSPHORYLATION,Ndufv3,mitochondrial
KEGG_OXIDATIVE_PHOSPHORYLATION,Ppa1,mitochondrial
KEGG_OXIDATIVE_PHOSPHORYLATION,Ppa2,mitochondrial
KEGG_OXIDATIVE_PHOSPHORYLATION,Sdha,mitochondrial
KEGG_OXIDATIVE_PHOSPHORYLATION,Sdhb,mitochondrial
KEGG_OXIDATIVE_PHOSPHORYLATION,Sdhc,mitochondrial
KEGG_OXIDATIVE_PHOSPHORYLATION,Sdhd,mitochondrial
KEGG_OXIDATIVE_PHOSPHORYLATION,Tcirg1,mitochondrial
KEGG_OXIDATIVE_PHOSPHORYLATION,Uqcr10,mitochondrial
KEGG_OXIDATIVE_PHOSPHORYLATION,Uqcr11,mitochondrial
KEGG_OXIDATIVE_PHOSPHORYLATION,Uqcrb,mitochondrial
KEGG_OXIDATIVE_PHOSPHORYLATION,Uqcrc1,mitochondrial
KEGG_OXIDATIVE_PHOSPHORYLATION,Uqcrc2,mitochondrial
KEGG_OXIDATIVE_PHOSPHORYLATION,Uqcrfs1,mitochondrial
KEGG_OXIDATIVE_PHOSPHORYLATION,Uqcrh,mitochondrial
KEGG_OXIDATIVE_PHOSPHORYLATION,Uqcrq,mitochondrial
KEGG_OXIDATIVE_PHOSPHORYLATION,mt-Atp6,mitochondrial
KEGG_OXIDATIVE_PHOSPHORYLATION,mt-Atp8,mitochondrial
KEGG_OXIDATIVE_PHOSPHORYLATION,mt-Co1,mitochondrial
KEGG_OXIDATIVE_PHOSPHORYLATION,mt-Co2,mitochondrial
KEGG_OXIDATIVE_PHOSPHORYLATION,mt-Co3,mitochondrial
KEGG_OXIDATIVE_PHOSPHORYLATION,mt-Cytb,mitochondrial
KEGG_OXIDATIVE_PHOSPHORYLATION,mt-Nd1,mitochondrial
KEGG_OXIDATIVE_PHOSPHORYLATION,mt-Nd2,mitochondrial
KEGG_OXIDATIVE_PHOSPHORYLATION,mt-Nd3,mitochondrial
KEGG_OXIDATIVE_PHOSPHORYLATION,mt-Nd4,mitochondrial
KEGG_OXIDATIVE_PHOSPHORYLATION,mt-Nd4l,mitochondrial
KEGG_OXIDATIVE_PHOSPHORYLATION,mt-Nd5,mitochondrial
KEGG_OXIDATIVE_PHOSPHORYLATION,mt-Nd6,mitochondrial
MICROGLIA_ACTIVATION_CUSTOM,Aif1,inflammatory
MICROGLIA_ACTIVATION_CUSTOM,C1qa,inflammatory
MICROGLIA_ACTIVATION_CUSTOM,C1qb,inflammatory
MICROGLIA_ACTIVATION_CUSTOM,C1qc,inflammatory
MICROGLIA_ACTIVATION_CUSTOM,Ccl2,inflammatory
MICROGLIA_ACTIVATION_CUSTOM,Ccl3,inflammatory
MICROGLIA_ACTIVATION_CUSTOM,Ccl4,inflammatory
MICROGLIA_ACTIVATION_CUSTOM,Cd68,inflammatory
MICROGLIA_ACTIVATION_CUSTOM,Cd86,inflammatory
MICROGLIA_ACTIVATION_CUSTOM,Csf1r,inflammatory
MICROGLIA_ACTIVATION_CUSTOM,Cxcl10,inflammatory
MICROGLIA_ACTIVATION_CUSTOM,Cybb,inflammatory
MICROGLIA_ACTIVATION_CUSTOM,Il1b,inflammatory
MICROGLIA_ACTIVATION_CUSTOM,Il6,inflammatory
MICROGLIA_ACTIVATION_CUSTOM,Itgam,inflammatory
MICROGLIA_ACTIVATION_CUSTOM,Nfkb1,inflammatory
MICROGLIA_ACTIVATION_CUSTOM,Nos2,inflammatory
MICROGLIA_ACTIVATION_CUSTOM,Ptgs2,inflammatory
MICROGLIA_ACTIVATION_CUSTOM,Tlr2,inflammatory
MICROGLIA_ACTIVATION_CUSTOM,Tlr4,inflammatory
MICROGLIA_ACTIVATION_CUSTOM,Tnf,inflammatory
MICROGLIA_ACTIVATION_CUSTOM,Trem2,inflammatory
MICROGLIA_ACTIVATION_CUSTOM,Tyrobp,inflammatory
REACTOME_RESPIRATORY_ELECTRON_TRANSPORT,1190007I07Rik,mitochondrial
REACTOME_RESPIRATORY_ELECTRON_TRANSPORT,Acad9,mitochondrial
REACTOME_RESPIRATORY_ELECTRON_TRANSPORT,Bcs1l,mitochondrial
REACTOME_RESPIRATORY_ELECTRON_TRANSPORT,Cmc1,mitochondrial
REACTOME_RESPIRATORY_ELECTRON_TRANSPORT,Coa3,mitochondrial
REACTOME_RESPIRATORY_ELECTRON_TRANSPORT,Coa5,mitochondrial
REACTOME_RESPIRATORY_ELECTRON_TRANSPORT,Coq10a,mitochondrial
REACTOME_RESPIRATORY_ELECTRON_TRANSPORT,Coq10b,mitochondrial
REACTOME_RESPIRATORY_ELECTRON_TRANSPORT,Cox11,mitochondrial
REACTOME_RESPIRATORY_ELECTRON_TRANSPORT,Cox14,mitochondrial
REACTOME_RESPIRATORY_ELECTRON_TRANSPORT,Cox15,mitochondrial
REACTOME_RESPIRATORY_ELECTRON_TRANSPORT,Cox16,mitochondrial
REACTOME_RESPIRATORY_ELECTRON_TRANSPORT,Cox17,mitochondrial
REACTOME_RESPIRATORY_ELECTRON_TRANSPORT,Cox18,mitochondrial
REACTOME_RESPIRATORY_ELECTRON_TRANSPORT,Cox19,mitochondrial
REACTOME_RESPIRATORY_ELECTRON_TRANSPORT,Cox20,mitochondrial
REACTOME_RESPIRATORY_ELECTRON_TRANSPORT,Cox4i1,mitochondrial
REACTOME_RESPIRATORY_ELECTRON_TRANSPORT,Cox4i2,mitochondrial
REACTOME_RESPIRATORY_ELECTRON_TRANSPORT,Cox5a,mitochondrial
REACTOME_RESPIRATORY_ELECTRON_TRANSPORT,Cox5b,mitochondrial
REACTOME_RESPIRATORY_ELECTRON_TRANSPORT,Cox6a1,mitochondrial
REACTOME_RESPIRATORY_ELECTRON_TRANSPORT,Cox6a2,mitochondrial
REACTOME_RESPIRATORY_ELECTRON_TRANSPORT,Cox6b1,mitochondrial
REACTOME_RESPIRATORY_ELECTRON_TRANSPORT,Cox6b2,mitochondrial
REACTOME_RESPIRATORY_ELECTRON_TRANSPORT,Cox6c,mitochondrial
REACTOME_RESPIRATORY_ELECTRON_TRANSPORT,Cox7a1,mitochondrial
REACTOME_RESPIRATORY_ELECTRON_TRANSPORT,Cox7a2,mitochondrial
REACTOME_RESPIRATORY_ELECTRON_TRANSPORT,Cox7a2l,mitochondrial
REACTOME_RESPIRATORY_ELECTRON_TRANSPORT,Cox7b,mitochondrial
REACTOME_RESPIRATORY_ELECTRON_TRANSPORT,Cox7c,mitochondrial
REACTOME_RESPIRATORY_ELECTRON_TRANSPORT,Cox8a,mitochondrial
REACTOME_RESPIRATORY_ELECTRON_TRANSPORT,Cox8c,mitochondrial
REACTOME_RESPIRATORY_ELECTRON_TRANSPORT,Cyc1,mitochondrial
REACTOME_RESPIRATORY_ELECTRON_TRANSPORT,Cycs,mitochondrial
REACTOME_RESPIRATORY_ELECTRON_TRANSPORT,Dmac1,mitochondrial
REACTOME_RESPIRATORY_ELECTRON_TRANSPORT,Dmac2,mitochondrial
REACTOME_RESPIRATORY_ELECTRON_TRANSPORT,Ecsit,mitochondrial
REACTOME_RESPIRATORY_ELECTRON_TRANSPORT,Etfa,mitochondrial
REACTOME_RESPIRATORY_ELECTRON_TRANSPORT,Etfb,mitochondrial
REACTOME_RESPIRATORY_ELECTRON_TRANSPORT,Etfdh,mitochondrial
REACTOME_RESPIRATORY_ELECTRON_TRANSPORT,Foxred1,mitochondrial
REACTOME_RESPIRATORY_ELECTRON_TRANSPORT,Fxn,mitochondrial
REACTOME_RESPIRATORY_ELECTRON_TRANSPORT,Got1,mitochondrial
REACTOME_RESPIRATORY_ELECTRON_TRANSPORT,Got2,mitochondrial
REACTOME_RESPIRATORY_ELECTRON_TRANSPORT,Hccs,mitochondrial
REACTOME_RESPIRATORY_ELECTRON_TRANSPORT,Higd1a,mitochondrial
REACTOME_RESPIRATORY_ELECTRON_TRANSPORT,Higd1c,mitochondrial
REACTOME_RESPIRATORY_ELECTRON_TRANSPORT,Higd2a,mitochondrial
REACTOME_RESPIRATORY_ELECTRON_TRANSPORT,Hscb,mitochondrial
REACTOME_RESPIRATORY_ELECTRON_TRANSPORT,Hspa9,mitochondrial
REACTOME_RESPIRATORY_ELECTRON_TRANSPORT,Iscu,mitochondrial
REACTOME_RESPIRATORY_ELECTRON_TRANSPORT,Letm1,mitochondrial
REACTOME_RESPIRATORY_ELECTRON_TRANSPORT,Lyrm2,mitochondrial
REACTOME_RESPIRATORY_ELECTRON_TRANSPORT,Lyrm4,mitochondrial
REACTOME_RESPIRATORY_ELECTRON_TRANSPORT,Lyrm7,mitochondrial
REACTOME_RESPIRATORY_ELECTRON_TRANSPORT,Mdh1,mitochondrial
REACTOME_RESPIRATORY_ELECTRON_TRANSPORT,Mdh2,mitochondrial
REACTOME_RESPIRATORY_ELECTRON_TRANSPORT,Ndufa1,mitochondrial
REACTOME_RESPIRATORY_ELECTRON_TRANSPORT,Ndufa10,mitochondrial
REACTOME_RESPIRATORY_ELECTRON_TRANSPORT,Ndufa11,mitochondrial
REACTOME_RESPIRATORY_ELECTRON_TRANSPORT,Ndufa12,mitochondrial
REACTOME_RESPIRATORY_ELECTRON_TRANSPORT,Ndufa13,mitochondrial
REACTOME_RESPIRATORY_ELECTRON_TRANSPORT,Ndufa2,mitochondrial
REACTOME_RESPIRATORY_ELECTRON_TRANSPORT,Ndufa3,mitochondrial
REACTOME_RESPIRATORY_ELECTRON_TRANSPORT,Ndufa4,mitochondrial
REACTOME_RESPIRATORY_ELECTRON_TRANSPORT,Ndufa5,mitochondrial
REACTOME_RESPIRATORY_ELECTRON_TRANSPORT,Ndufa6,mitochondrial
REACTOME_RESPIRATORY_ELECTRON_TRANSPORT,Ndufa7,mitochondrial
REACTOME_RESPIRATORY_ELECTRON_TRANSPORT,Ndufa8,mitochondrial
REACTOME_RESPIRATORY_ELECTRON_TRANSPORT,Ndufa9,mitochondrial
REACTOME_RESPIRATORY_ELECTRON_TRANSPORT,Ndufab1,mitochondrial
REACTOME_RESPIRATORY_ELECTRON_TRANSPORT,Ndufaf1,mitochondrial
REACTOME_RESPIRATORY_ELECTRON_TRANSPORT,Ndufaf2,mitochondrial
REACTOME_RESPIRATORY_ELECTRON_TRANSPORT,Ndufaf3,mitochondrial
REACTOME_RESPIRATORY_ELECTRON_TRANSPORT,Ndufaf4,mitochondrial
REACTOME_RESPIRATORY_ELECTRON_TRANSPORT,Ndufaf5,mitochondrial
REACTOME_RESPIRATORY_ELECTRON_TRANSPORT,Ndufaf6,mitochondrial
REACTOME_RESPIRATORY_ELECTRON_TRANSPORT,Ndufaf7,mitochondrial
REACTOME_RESPIRATORY_ELECTRON_TRANSPORT,Ndufaf8,mitochondrial
REACTOME_RESPIRATORY_ELECTRON_TRANSPORT,Ndufb1,mitochondrial
REACTOME_RESPIRATORY_ELECTRON_TRANSPORT,Ndufb10,mitochondrial
REACTOME_RESPIRATORY_ELECTRON_TRANSPORT,Ndufb11,mitochondrial
REACTOME_RESPIRATORY_ELECTRON_TRANSPORT,Ndufb2,mitochondrial
REACTOME_RESPIRATORY_ELECTRON_TRANSPORT,Ndufb3,mitochondrial
REACTOME_RESPIRATORY_ELECTRON_TRANSPORT,Ndufb4,mitochondrial
REACTOME_RESPIRATORY_ELECTRON_TRANSPORT,Ndufb5,mitochondrial
REACTOME_RESPIRATORY_ELECTRON_TRANSPORT,Ndufb6,mitochondrial
REACTOME_RESPIRATORY_ELECTRON_TRANSPORT,Ndufb7,mitochondrial
REACTOME_RESPIRATORY_ELECTRON_TRANSPORT,Ndufb8,mitochondrial
REACTOME_RESPIRATORY_ELECTRON_TRANSPORT,Ndufb9,mitochondrial
REACTOME_RESPIRATORY_ELECTRON_TRANSPORT,Ndufc1,mitochondrial
REACTOME_RESPIRATORY_ELECTRON_TRANSPORT,Ndufc2,mitochondrial
REACTOME_RESPIRATORY_ELECTRON_TRANSPORT,Ndufs1,mitochondrial
REACTOME_RESPIRATORY_ELECTRON_TRANSPORT,Ndufs2,mitochondrial
REACTOME_RESPIRATORY_ELECTRON_TRANSPORT,Ndufs3,mitochondrial
REACTOME_RESPIRATORY_ELECTRON_TRANSPORT,Ndufs4,mitochondrial
REACTOME_RESPIRATORY_ELECTRON_TRANSPORT,Ndufs5,mitochondrial
REACTOME_RESPIRATORY_ELECTRON_TRANSPORT,Ndufs6,mitochondrial
REACTOME_RESPIRATORY_ELECTRON_TRANSPORT,Ndufs7,mitochondrial
REACTOME_RESPIRATORY_ELECTRON_TRANSPORT,Ndufs8,mitochondrial
REACTOME_RESPIRATORY_ELECTRON_TRANSPORT,Ndufv1,mitochondrial
REACTOME_RESPIRATORY_ELECTRON_TRANSPORT,Ndufv2,mitochondrial
REACTOME_RESPIRATORY_ELECTRON_TRANSPORT,Ndufv3,mitochondrial
REACTOME_RESPIRATORY_ELECTRON_TRANSPORT,Nfs1,mitochondrial
REACTOME_RESPIRATORY_ELECTRON_TRANSPORT,Nubpl,mitochondrial
REACTOME_RESPIRATORY_ELECTRON_TRANSPORT,Oxa1l,mitochondrial
REACTOME_RESPIRATORY_ELECTRON_TRANSPORT,Pet100,mitochondrial
REACTOME_RESPIRATORY_ELECTRON_TRANSPORT,Pet117,mitochondrial
REACTOME_RESPIRATORY_ELECTRON_TRANSPORT,Pnkd,mitochondrial
REACTOME_RESPIRATORY_ELECTRON_TRANSPORT,Pyurf,mitochondrial
REACTOME_RESPIRATORY_ELECTRON_TRANSPORT,Rab5if,mitochondrial
REACTOME_RESPIRATORY_ELECTRON_TRANSPORT,Sco1,mitochondrial
REACTOME_RESPIRATORY_ELECTRON_TRANSPORT,Sco2,mitochondrial
REACTOME_RESPIRATORY_ELECTRON_TRANSPORT,Sdha,mitochondrial
REACTOME_RESPIRATORY_ELECTRON_TRANSPORT,Sdhb,mitochondrial
REACTOME_RESPIRATORY_ELECTRON_TRANSPORT,Sdhc,mitochondrial
REACTOME_RESPIRATORY_ELECTRON_TRANSPORT,Sdhd,mitochondrial
REACTOME_RESPIRATORY_ELECTRON_TRANSPORT,Sfxn4,mitochondrial
REACTOME_RESPIRATORY_ELECTRON_TRANSPORT,Slc25a11,mitochondrial
REACTOME_RESPIRATORY_ELECTRON_TRANSPORT,Slc25a12,mitochondrial
REACTOME_RESPIRATORY_ELECTRON_TRANSPORT,Slc25a13,mitochondrial
REACTOME_RESPIRATORY_ELECTRON_TRANSPORT,Slc25a18,mitochondrial
REACTOME_RESPIRATORY_ELECTRON_TRANSPORT,Slc25a22,mitochondrial
REACTOME_RESPIRATORY_ELECTRON_TRANSPORT,Smim20,mitochondrial
REACTOME_RESPIRATORY_ELECTRON_TRANSPORT,Smim4,mitochondrial
REACTOME_RESPIRATORY_ELECTRON_TRANSPORT,Surf1,mitochondrial
REACTOME_RESPIRATORY_ELECTRON_TRANSPORT,Taco1,mitochondrial
REACTOME_RESPIRATORY_ELECTRON_TRANSPORT,Timm21,mitochondrial
REACTOME_RESPIRATORY_ELECTRON_TRANSPORT,Timmdc1,mitochondrial
REACTOME_RESPIRATORY_ELECTRON_TRANSPORT,Tmem126a,mitochondrial
REACTOME_RESPIRATORY_ELECTRON_TRANSPORT,Tmem126b,mitochondrial
REACTOME_RESPIRATORY_ELECTRON_TRANSPORT,Tmem177,mitochondrial
REACTOME_RESPIRATORY_ELECTRON_TRANSPORT,Tmem186,mitochondrial
REACTOME_RESPIRATORY_ELECTRON_TRANSPORT,Tmem223,mitochondrial
REACTOME_RESPIRATORY_ELECTRON_TRANSPORT,Trap1,mitochondrial
REACTOME_RESPIRATORY_ELECTRON_TRANSPORT,Ttc19,mitochondrial
REACTOME_RESPIRATORY_ELECTRON_TRANSPORT,Uqcc1,mitochondrial
REACTOME_RESPIRATORY_ELECTRON_TRANSPORT,Uqcc2,mitochondrial
REACTOME_RESPIRATORY_ELECTRON_TRANSPORT,Uqcc3,mitochondrial
REACTOME_RESPIRATORY_ELECTRON_TRANSPORT,Uqcr10,mitochondrial
REACTOME_RESPIRATORY_ELECTRON_TRANSPORT,Uqcr11,mitochondrial
REACTOME_RESPIRATORY_ELECTRON_TRANSPORT,Uqcrb,mitochondrial
REACTOME_RESPIRATORY_ELECTRON_TRANSPORT,Uqcrc1,mitochondrial
REACTOME_RESPIRATORY_ELECTRON_TRANSPORT,Uqcrc2,mitochondrial
REACTOME_RESPIRATORY_ELECTRON_TRANSPORT,Uqcrfs1,mitochondrial
REACTOME_RESPIRATORY_ELECTRON_TRANSPORT,Uqcrh,mitochondrial
REACTOME_RESPIRATORY_ELECTRON_TRANSPORT,Uqcrq,mitochondrial
REACTOME_RESPIRATORY_ELECTRON_TRANSPORT,mt-Co1,mitochondrial
REACTOME_RESPIRATORY_ELECTRON_TRANSPORT,mt-Co2,mitochondrial
REACTOME_RESPIRATORY_ELECTRON_TRANSPORT,mt-Co3,mitochondrial
REACTOME_RESPIRATORY_ELECTRON_TRANSPORT,mt-Cytb,mitochondrial
REACTOME_RESPIRATORY_ELECTRON_TRANSPORT,mt-Nd1,mitochondrial
REACTOME_RESPIRATORY_ELECTRON_TRANSPORT,mt-Nd2,mitochondrial
REACTOME_RESPIRATORY_ELECTRON_TRANSPORT,mt-Nd3,mitochondrial
REACTOME_RESPIRATORY_ELECTRON_TRANSPORT,mt-Nd4,mitochondrial
REACTOME_RESPIRATORY_ELECTRON_TRANSPORT,mt-Nd5,mitochondrial
REACTOME_RESPIRATORY_ELECTRON_TRANSPORT,mt-Nd6,mitochondrial
